[
    {
        "nome": "Emerson Cidral",
        "partidos": "PF - Partido da Força",
        "numero": "07",
        "mote": "\" A for\u00e7a est\u00e1 em n\u00f3s...\"",
        "foto": "img\/emerson.jpg",
        "votos": 0
    },
    {
        "nome": "Lu\u00ed Mollossi",
        "partidos": "PLC - Partido da Luta de Classes",
        "numero": "03",
        "mote": "\"Somente duas coisas podem salvar Westeros: interpreta\u00e7\u00e3o de texto e consi\u00eancia de classe!\"",
        "foto": "img\/lui.jpg",
        "votos": 0
    },
    {
        "nome": "Luiz Antônio",
        "partidos": "PRV - Partido da Revolu\u00e7\u00e3o Verde",
        "numero": "08",
        "mote": "\"Democracia para todos, todos mesmo.\"",
        "foto": "img\/luiz.jpeg",
        "votos": 0
    },
    {
        "nome": "Dauto da Silveira",
        "partidos": "PRB - Partido da Revolu\u00e7\u00e3o Brasileira",
        "numero": "05",
        "mote": "\"Vote na revolução. Vote no Dautão. O candidato na contra-mão.\"",
        "foto": "img\/dauto.jpeg",
        "votos": 0
    },
    {
        "nome": "Edvanderson Ramalho",
        "partidos": "URSAL - Uni\u00e3o das Rep\u00fablicas Socialistas da Am\u00e9rica Latina",
        "numero": "99",
        "mote": "\"Bem unidos fa\u00e7amos nesta luta final, uma terra sem amos, a gloriosa URSAL.\"",
        "foto": "img\/ed.jpg",
        "votos": 0
    },
    {
        "nome": "Jefferson Chaves",
        "partidos": "P do P - Partido do Pepino",
        "numero": "44",
        "mote": "\"Conosco n\u00e3o h\u00e1 enrosco.\"",
        "foto": "img\/jeff.jpg",
        "votos": 0
    },
    {
        "nome": "Greice Barbieri",
        "partidos": "PPGC - Partidos dos Pequenas Grandes Coisas",
        "numero": "77",
        "mote": "\"Uma mulher pequena pode projetar uma sombra muito grande.\"",
        "foto": "img\/greice.png",
        "votos": 0
    },
    {
        "nome": "Luci Schmoeller",
        "partidos": "MCL - Movimento da Causa Lingu\u00edstica",
        "numero": "33",
        "mote": "\"Luci paz e amor.\"",
        "foto": "img\/luci.png",
        "votos": 0
    },
    {
        "nome": "Daniel Freitas",
        "partidos": "PP - Partido Pirata",
        "numero": "80",
        "mote": "\"Internet livre pra tod@s.\"",
        "foto": "img\/daniel.jpg",
        "votos": 0
    },
    {
        "nome": "Ivan Furmann",
        "partidos": "PATO - Partido da Alian\u00e7a Trabalhadora Oper\u00e1ria ",
        "numero": "22",
        "mote": "\"Vote no que j\u00e1 manda.\"",
        "foto": "img\/ivan.jpg",
        "votos": 0
    }
]